project_id,client_id,timestamp
P0001,C10006,2026-04-03T07:02:45.845260+00:00
P0001,C10007,2026-04-03T07:43:59.939939+00:00
P0001,C10001,2026-04-03T07:45:31.536857+00:00
P0001,C10007,2026-04-03T07:49:57.899067+00:00
P0001,C10007,2026-04-03T07:50:12.482676+00:00
P0001,C10007,2026-04-03T07:53:31.315374+00:00
P0001,C10001,2026-04-03T07:53:40.622877+00:00
P0001,C10007,2026-04-03T08:04:34.403577+00:00
P0001,C10001,2026-04-03T10:48:35.817961+00:00
P0001,C10001,2026-04-03T10:52:10.184230+00:00
P0001,C10001,2026-04-03T10:52:14.662804+00:00
P0001,C10001,2026-04-03T10:56:54.593524+00:00
P0001,C10004,2026-04-03T10:57:47.536769+00:00
P0001,C10004,2026-04-03T10:58:56.858786+00:00
P0001,C10004,2026-04-03T11:00:25.868010+00:00
P0001,C10004,2026-04-03T11:03:48.844382+00:00
P0001,C10001,2026-04-03T11:14:41.624387+00:00
P0003,C10001,2026-04-03T11:16:03.951564+00:00
P0003,C10002,2026-04-03T11:16:20.055893+00:00
P0003,C10003,2026-04-03T11:16:35.504691+00:00
P0003,C10004,2026-04-03T11:16:46.625496+00:00
P0003,C10005,2026-04-03T11:16:58.551843+00:00
P0003,C10006,2026-04-03T11:17:12.905493+00:00
P0003,C10007,2026-04-03T11:17:23.167267+00:00
P0001,C10004,2026-04-04T01:11:46.339842+00:00
P0001,C10005,2026-04-04T01:11:58.470419+00:00
P0001,C10006,2026-04-04T01:12:20.512853+00:00
P0003,C10001,2026-04-04T01:36:39.428219+00:00
P0003,C10002,2026-04-04T01:36:53.976350+00:00
P0003,C10003,2026-04-04T01:37:05.951637+00:00
P0003,C10008,2026-04-04T01:38:20.732738+00:00
P0003,C10009,2026-04-04T01:38:34.897898+00:00
P0004,C10001,2026-04-07T14:23:49.884263+00:00
